model,d_accuracy,d_macro_f1,d_f1_MEDICAL,d_f1_CYBERSECURITY,d_f1_CLIMATE,d_avg_latency_sec
RedHatAI_Mistral_Small_3.2_24B_Instruct_2506_FP8,-0.0635,-0.047787736655437896,-0.022173605613203806,-0.03452860180425665,-0.086661002548853,0.24956410944461824
RedHatAI_gemma_3_27b_it_quantized.w4a16,-0.04849999999999999,-0.03542623878608464,-0.01432960849953635,-0.02178248103743574,-0.07016662682128139,0.35753924179077146
google_gemma_4_E4B_it,-0.03499999999999992,-0.02558124124794736,-0.03216494845360818,-0.00097085036844069,-0.04360792492179355,0.656562063574791
