model,n,accuracy,precision_medical,recall_medical,f1_medical,precision_non_medical,recall_non_medical,f1_non_medical,avg_latency_sec
RedHatAI_gemma_3_27b_it_quantized.w4a16,1000,0.978,0.9596153846153846,0.998,0.9784313725490196,0.9979166666666667,0.958,0.9775510204081632,0.23562810707092285
google_gemma_4_E4B_it,1000,0.976,0.9559386973180076,0.998,0.9765166340508806,0.997907949790795,0.954,0.9754601226993865,0.3036214361190796
RedHatAI_Mistral_Small_3.2_24B_Instruct_2506_FP8,1000,0.975,0.9684418145956607,0.982,0.9751737835153923,0.9817444219066938,0.968,0.9748237663645518,0.1602162034511566
