model,n,exact_match,hamming_loss,micro_f1,macro_f1,f1_MEDICAL,f1_CYBERSECURITY,f1_CLIMATE,avg_latency_sec
google_gemma_4_E4B_it,2000,0.9655,0.016125,0.9777059773828756,0.9778846454847878,0.9629629629629629,0.9891196834817013,0.9815712900096993,0.3415021473169327
RedHatAI_Mistral_Small_3.2_24B_Instruct_2506_FP8,2000,0.957,0.020375,0.971542025148908,0.9711536318871296,0.9829545454545454,0.9808660624370594,0.9496402877697842,0.1352683883905411
RedHatAI_gemma_3_27b_it_quantized.w4a16,2000,0.937,0.022,0.9600249843847595,0.9600463691402726,0.9669117647058824,0.9674329501915708,0.9457943925233645,0.1729424568414688
